"p","r_droplet_actual","vtkValidPointMask","arc_length","Points:0","Points:1","Points:2"
20276,0,1,0,0,0.01,0.03785
20280,0,1,0.00075,0.00075,0.01,0.03785
20278,0,1,0.0015,0.0015,0.01,0.03785
20276,0,1,0.00225,0.00225,0.01,0.03785
20275,0,1,0.003,0.003,0.01,0.03785
20273,0,1,0.00375,0.00375,0.01,0.03785
20271,0,1,0.0045,0.0045,0.01,0.03785
20269,0,1,0.00525,0.00525,0.01,0.03785
20268,0,1,0.006,0.006,0.01,0.03785
20264,0,1,0.00675,0.00675,0.01,0.03785
20261,0,1,0.0075,0.0075,0.01,0.03785
20257,0,1,0.00825,0.00825,0.01,0.03785
20253,0,1,0.009,0.009,0.01,0.03785
20249,0,1,0.00975,0.00975,0.01,0.03785
20246,0,1,0.0105,0.0105,0.01,0.03785
20242,0,1,0.01125,0.01125,0.01,0.03785
20238,0,1,0.012,0.012,0.01,0.03785
20235,0,1,0.01275,0.01275,0.01,0.03785
20232,0,1,0.0135,0.0135,0.01,0.03785
20230,0,1,0.01425,0.01425,0.01,0.03785
20227,0,1,0.015,0.015,0.01,0.03785
20225,0,1,0.01575,0.01575,0.01,0.03785
20222,0,1,0.0165,0.0165,0.01,0.03785
20220,0,1,0.01725,0.01725,0.01,0.03785
20218,0,1,0.018,0.018,0.01,0.03785
20215,0,1,0.01875,0.01875,0.01,0.03785
20212,0,1,0.0195,0.0195,0.01,0.03785
20209,0,1,0.02025,0.02025,0.01,0.03785
20207,0,1,0.021,0.021,0.01,0.03785
20204,0,1,0.02175,0.02175,0.01,0.03785
20201,0,1,0.0225,0.0225,0.01,0.03785
20198,0,1,0.02325,0.02325,0.01,0.03785
20196,0,1,0.024,0.024,0.01,0.03785
20193,0,1,0.02475,0.02475,0.01,0.03785
20190,0,1,0.0255,0.0255,0.01,0.03785
20187,0,1,0.02625,0.02625,0.01,0.03785
20183,0,1,0.027,0.027,0.01,0.03785
20180,0,1,0.02775,0.02775,0.01,0.03785
20177,0,1,0.0285,0.0285,0.01,0.03785
20174,0,1,0.02925,0.02925,0.01,0.03785
20171,0,1,0.03,0.03,0.01,0.03785
20168,0,1,0.03075,0.03075,0.01,0.03785
20164,0,1,0.0315,0.0315,0.01,0.03785
20161,0,1,0.03225,0.03225,0.01,0.03785
20157,0,1,0.033,0.033,0.01,0.03785
20153,0,1,0.03375,0.03375,0.01,0.03785
20149,0,1,0.0345,0.0345,0.01,0.03785
20145,0,1,0.03525,0.03525,0.01,0.03785
20142,0,1,0.036,0.036,0.01,0.03785
20138,0,1,0.03675,0.03675,0.01,0.03785
20134,0,1,0.0375,0.0375,0.01,0.03785
20129,0,1,0.03825,0.03825,0.01,0.03785
20124,0,1,0.039,0.039,0.01,0.03785
20119,0,1,0.03975,0.03975,0.01,0.03785
20115,0,1,0.0405,0.0405,0.01,0.03785
20110,0,1,0.04125,0.04125,0.01,0.03785
20105,0,1,0.042,0.042,0.01,0.03785
20100,0,1,0.04275,0.04275,0.01,0.03785
20095,0,1,0.0435,0.0435,0.01,0.03785
20089,0,1,0.04425,0.04425,0.01,0.03785
20083,0,1,0.045,0.045,0.01,0.03785
20077,0,1,0.04575,0.04575,0.01,0.03785
20071,0,1,0.0465,0.0465,0.01,0.03785
20065,0,1,0.04725,0.04725,0.01,0.03785
20059,0,1,0.048,0.048,0.01,0.03785
20053,0,1,0.04875,0.04875,0.01,0.03785
20047,0,1,0.0495,0.0495,0.01,0.03785
20040,0,1,0.05025,0.05025,0.01,0.03785
20032,0,1,0.051,0.051,0.01,0.03785
20024,0,1,0.05175,0.05175,0.01,0.03785
20016,0,1,0.0525,0.0525,0.01,0.03785
20008,0,1,0.05325,0.05325,0.01,0.03785
20000,0,1,0.054,0.054,0.01,0.03785
19992,0,1,0.05475,0.05475,0.01,0.03785
19984,0,1,0.0555,0.0555,0.01,0.03785
19976,0,1,0.05625,0.05625,0.01,0.03785
19967,0,1,0.057,0.057,0.01,0.03785
19957,0,1,0.05775,0.05775,0.01,0.03785
19948,0,1,0.0585,0.0585,0.01,0.03785
19938,0,1,0.05925,0.05925,0.01,0.03785
19929,0,1,0.06,0.06,0.01,0.03785
19919,0,1,0.06075,0.06075,0.01,0.03785
19909,0,1,0.0615,0.0615,0.01,0.03785
19900,0,1,0.06225,0.06225,0.01,0.03785
19890,0,1,0.063,0.063,0.01,0.03785
19880,0,1,0.06375,0.06375,0.01,0.03785
19870,0,1,0.0645,0.0645,0.01,0.03785
19860,0,1,0.06525,0.06525,0.01,0.03785
19850,0,1,0.066,0.066,0.01,0.03785
19839,0,1,0.06675,0.06675,0.01,0.03785
19829,0,1,0.0675,0.0675,0.01,0.03785
19819,0,1,0.06825,0.06825,0.01,0.03785
19809,0,1,0.069,0.069,0.01,0.03785
19799,0,1,0.06975,0.06975,0.01,0.03785
19788,0,1,0.0705,0.0705,0.01,0.03785
19777,0,1,0.07125,0.07125,0.01,0.03785
19765,0,1,0.072,0.072,0.01,0.03785
19754,0,1,0.07275,0.07275,0.01,0.03785
19743,0,1,0.0735,0.0735,0.01,0.03785
19732,0,1,0.07425,0.07425,0.01,0.03785
19721,0,1,0.075,0.075,0.01,0.03785
19709,0,1,0.07575,0.07575,0.01,0.03785
19698,0,1,0.0765,0.0765,0.01,0.03785
19687,0,1,0.07725,0.07725,0.01,0.03785
19675,0,1,0.078,0.078,0.01,0.03785
19663,0,1,0.07875,0.07875,0.01,0.03785
19651,0,1,0.0795,0.0795,0.01,0.03785
19639,0,1,0.08025,0.08025,0.01,0.03785
19628,0,1,0.081,0.081,0.01,0.03785
19616,0,1,0.08175,0.08175,0.01,0.03785
19604,0,1,0.0825,0.0825,0.01,0.03785
19592,0,1,0.08325,0.08325,0.01,0.03785
19580,0,1,0.084,0.084,0.01,0.03785
19568,0,1,0.08475,0.08475,0.01,0.03785
19555,0,1,0.0855,0.0855,0.01,0.03785
19543,0,1,0.08625,0.08625,0.01,0.03785
19530,0,1,0.087,0.087,0.01,0.03785
19518,0,1,0.08775,0.08775,0.01,0.03785
19506,0,1,0.0885,0.0885,0.01,0.03785
19493,0,1,0.08925,0.08925,0.01,0.03785
19481,0,1,0.09,0.09,0.01,0.03785
19468,0,1,0.09075,0.09075,0.01,0.03785
19455,0,1,0.0915,0.0915,0.01,0.03785
19442,0,1,0.09225,0.09225,0.01,0.03785
19429,0,1,0.093,0.093,0.01,0.03785
19416,0,1,0.09375,0.09375,0.01,0.03785
19404,0,1,0.0945,0.0945,0.01,0.03785
19391,0,1,0.09525,0.09525,0.01,0.03785
19378,0,1,0.096,0.096,0.01,0.03785
19365,0,1,0.09675,0.09675,0.01,0.03785
19351,0,1,0.0975,0.0975,0.01,0.03785
19338,0,1,0.09825,0.09825,0.01,0.03785
19325,0,1,0.099,0.099,0.01,0.03785
19311,0,1,0.09975,0.09975,0.01,0.03785
19298,0,1,0.1005,0.1005,0.01,0.03785
19285,0,1,0.10125,0.10125,0.01,0.03785
19271,0,1,0.102,0.102,0.01,0.03785
19258,0,1,0.10275,0.10275,0.01,0.03785
19244,0,1,0.1035,0.1035,0.01,0.03785
19231,0,1,0.10425,0.10425,0.01,0.03785
19217,0,1,0.105,0.105,0.01,0.03785
19203,0,1,0.10575,0.10575,0.01,0.03785
19189,0,1,0.1065,0.1065,0.01,0.03785
19175,0,1,0.10725,0.10725,0.01,0.03785
19162,0,1,0.108,0.108,0.01,0.03785
19148,0,1,0.10875,0.10875,0.01,0.03785
19134,0,1,0.1095,0.1095,0.01,0.03785
19120,0,1,0.11025,0.11025,0.01,0.03785
19106,0,1,0.111,0.111,0.01,0.03785
19091,0,1,0.11175,0.11175,0.01,0.03785
19077,0,1,0.1125,0.1125,0.01,0.03785
19063,0,1,0.11325,0.11325,0.01,0.03785
19049,0,1,0.114,0.114,0.01,0.03785
19034,0,1,0.11475,0.11475,0.01,0.03785
19020,0,1,0.1155,0.1155,0.01,0.03785
19006,0,1,0.11625,0.11625,0.01,0.03785
18991,0,1,0.117,0.117,0.01,0.03785
18977,0,1,0.11775,0.11775,0.01,0.03785
18962,0,1,0.1185,0.1185,0.01,0.03785
18947,0,1,0.11925,0.11925,0.01,0.03785
18932,0,1,0.12,0.12,0.01,0.03785
18918,0,1,0.12075,0.12075,0.01,0.03785
18903,0,1,0.1215,0.1215,0.01,0.03785
18888,0,1,0.12225,0.12225,0.01,0.03785
18873,0,1,0.123,0.123,0.01,0.03785
18858,0,1,0.12375,0.12375,0.01,0.03785
18843,0,1,0.1245,0.1245,0.01,0.03785
18828,0,1,0.12525,0.12525,0.01,0.03785
18813,0,1,0.126,0.126,0.01,0.03785
18797,0,1,0.12675,0.12675,0.01,0.03785
18782,0,1,0.1275,0.1275,0.01,0.03785
18767,0,1,0.12825,0.12825,0.01,0.03785
18752,0,1,0.129,0.129,0.01,0.03785
18736,0,1,0.12975,0.12975,0.01,0.03785
18721,0,1,0.1305,0.1305,0.01,0.03785
18705,0,1,0.13125,0.13125,0.01,0.03785
18689,0,1,0.132,0.132,0.01,0.03785
18673,0,1,0.13275,0.13275,0.01,0.03785
18657,0,1,0.1335,0.1335,0.01,0.03785
18642,0,1,0.13425,0.13425,0.01,0.03785
18626,0,1,0.135,0.135,0.01,0.03785
18610,0,1,0.13575,0.13575,0.01,0.03785
18594,0,1,0.1365,0.1365,0.01,0.03785
18578,0,1,0.13725,0.13725,0.01,0.03785
18561,0,1,0.138,0.138,0.01,0.03785
18545,0,1,0.13875,0.13875,0.01,0.03785
18529,0,1,0.1395,0.1395,0.01,0.03785
18512,0,1,0.14025,0.14025,0.01,0.03785
18496,0,1,0.141,0.141,0.01,0.03785
18479,0,1,0.14175,0.14175,0.01,0.03785
18463,0,1,0.1425,0.1425,0.01,0.03785
18446,0,1,0.14325,0.14325,0.01,0.03785
18429,0,1,0.144,0.144,0.01,0.03785
18412,0,1,0.14475,0.14475,0.01,0.03785
18395,0,1,0.1455,0.1455,0.01,0.03785
18378,0,1,0.14625,0.14625,0.01,0.03785
18361,0,1,0.147,0.147,0.01,0.03785
18344,0,1,0.14775,0.14775,0.01,0.03785
18326,0,1,0.1485,0.1485,0.01,0.03785
18309,0,1,0.14925,0.14925,0.01,0.03785
18292,0,1,0.15,0.15,0.01,0.03785
18274,0,1,0.15075,0.15075,0.01,0.03785
18256,0,1,0.1515,0.1515,0.01,0.03785
18238,0,1,0.15225,0.15225,0.01,0.03785
18220,0,1,0.153,0.153,0.01,0.03785
18202,0,1,0.15375,0.15375,0.01,0.03785
18184,0,1,0.1545,0.1545,0.01,0.03785
18166,0,1,0.15525,0.15525,0.01,0.03785
18148,0,1,0.156,0.156,0.01,0.03785
18130,0,1,0.15675,0.15675,0.01,0.03785
18111,0,1,0.1575,0.1575,0.01,0.03785
18092,0,1,0.15825,0.15825,0.01,0.03785
18073,0,1,0.159,0.159,0.01,0.03785
18054,0,1,0.15975,0.15975,0.01,0.03785
18036,0,1,0.1605,0.1605,0.01,0.03785
18017,0,1,0.16125,0.16125,0.01,0.03785
17998,0,1,0.162,0.162,0.01,0.03785
17979,0,1,0.16275,0.16275,0.01,0.03785
17960,0,1,0.1635,0.1635,0.01,0.03785
17939,0,1,0.16425,0.16425,0.01,0.03785
17919,0,1,0.165,0.165,0.01,0.03785
17899,0,1,0.16575,0.16575,0.01,0.03785
17879,0,1,0.1665,0.1665,0.01,0.03785
17859,0,1,0.16725,0.16725,0.01,0.03785
17839,0,1,0.168,0.168,0.01,0.03785
17819,0,1,0.16875,0.16875,0.01,0.03785
17799,0,1,0.1695,0.1695,0.01,0.03785
17779,0,1,0.17025,0.17025,0.01,0.03785
17757,0,1,0.171,0.171,0.01,0.03785
17736,0,1,0.17175,0.17175,0.01,0.03785
17715,0,1,0.1725,0.1725,0.01,0.03785
17693,0,1,0.17325,0.17325,0.01,0.03785
17672,0,1,0.174,0.174,0.01,0.03785
17651,0,1,0.17475,0.17475,0.01,0.03785
17629,0,1,0.1755,0.1755,0.01,0.03785
17608,0,1,0.17625,0.17625,0.01,0.03785
17586,0,1,0.177,0.177,0.01,0.03785
17563,0,1,0.17775,0.17775,0.01,0.03785
17541,0,1,0.1785,0.1785,0.01,0.03785
17518,0,1,0.17925,0.17925,0.01,0.03785
17495,0,1,0.18,0.18,0.01,0.03785
17472,0,1,0.18075,0.18075,0.01,0.03785
17450,0,1,0.1815,0.1815,0.01,0.03785
17427,0,1,0.18225,0.18225,0.01,0.03785
17404,0,1,0.183,0.183,0.01,0.03785
17381,0,1,0.18375,0.18375,0.01,0.03785
17356,0,1,0.1845,0.1845,0.01,0.03785
17332,0,1,0.18525,0.18525,0.01,0.03785
17308,0,1,0.186,0.186,0.01,0.03785
17283,0,1,0.18675,0.18675,0.01,0.03785
17259,0,1,0.1875,0.1875,0.01,0.03785
17235,0,1,0.18825,0.18825,0.01,0.03785
17210,0,1,0.189,0.189,0.01,0.03785
17186,0,1,0.18975,0.18975,0.01,0.03785
17160,0,1,0.1905,0.1905,0.01,0.03785
17134,0,1,0.19125,0.19125,0.01,0.03785
17108,0,1,0.192,0.192,0.01,0.03785
17082,0,1,0.19275,0.19275,0.01,0.03785
17056,0,1,0.1935,0.1935,0.01,0.03785
17030,0,1,0.19425,0.19425,0.01,0.03785
17003,0,1,0.195,0.195,0.01,0.03785
16977,0,1,0.19575,0.19575,0.01,0.03785
16951,0,1,0.1965,0.1965,0.01,0.03785
16923,0,1,0.19725,0.19725,0.01,0.03785
16895,0,1,0.198,0.198,0.01,0.03785
16867,0,1,0.19875,0.19875,0.01,0.03785
16839,0,1,0.1995,0.1995,0.01,0.03785
16810,0,1,0.20025,0.20025,0.01,0.03785
16782,0,1,0.201,0.201,0.01,0.03785
16754,0,1,0.20175,0.20175,0.01,0.03785
16726,0,1,0.2025,0.2025,0.01,0.03785
16697,0,1,0.20325,0.20325,0.01,0.03785
16667,0,1,0.204,0.204,0.01,0.03785
16636,0,1,0.20475,0.20475,0.01,0.03785
16605,0,1,0.2055,0.2055,0.01,0.03785
16574,0,1,0.20625,0.20625,0.01,0.03785
16543,0,1,0.207,0.207,0.01,0.03785
16513,0,1,0.20775,0.20775,0.01,0.03785
16482,0,1,0.2085,0.2085,0.01,0.03785
16451,0,1,0.20925,0.20925,0.01,0.03785
16420,0,1,0.21,0.21,0.01,0.03785
16386,0,1,0.21075,0.21075,0.01,0.03785
16352,0,1,0.2115,0.2115,0.01,0.03785
16318,0,1,0.21225,0.21225,0.01,0.03785
16284,0,1,0.213,0.213,0.01,0.03785
16250,0,1,0.21375,0.21375,0.01,0.03785
16216,0,1,0.2145,0.2145,0.01,0.03785
16182,0,1,0.21525,0.21525,0.01,0.03785
16148,0,1,0.216,0.216,0.01,0.03785
16113,0,1,0.21675,0.21675,0.01,0.03785
16075,0,1,0.2175,0.2175,0.01,0.03785
16037,0,1,0.21825,0.21825,0.01,0.03785
15999,0,1,0.219,0.219,0.01,0.03785
15961,0,1,0.21975,0.21975,0.01,0.03785
15923,0,1,0.2205,0.2205,0.01,0.03785
15885,0,1,0.22125,0.22125,0.01,0.03785
15847,0,1,0.222,0.222,0.01,0.03785
15809,0,1,0.22275,0.22275,0.01,0.03785
15770,0,1,0.2235,0.2235,0.01,0.03785
15726,0,1,0.22425,0.22425,0.01,0.03785
15683,0,1,0.225,0.225,0.01,0.03785
15640,0,1,0.22575,0.22575,0.01,0.03785
15596,0,1,0.2265,0.2265,0.01,0.03785
15553,0,1,0.22725,0.22725,0.01,0.03785
15510,0,1,0.228,0.228,0.01,0.03785
15466,0,1,0.22875,0.22875,0.01,0.03785
15423,0,1,0.2295,0.2295,0.01,0.03785
15377,0,1,0.23025,0.23025,0.01,0.03785
15327,0,1,0.231,0.231,0.01,0.03785
15276,0,1,0.23175,0.23175,0.01,0.03785
15225,0,1,0.2325,0.2325,0.01,0.03785
15174,0,1,0.23325,0.23325,0.01,0.03785
15124,0,1,0.234,0.234,0.01,0.03785
15073,0,1,0.23475,0.23475,0.01,0.03785
15022,0,1,0.2355,0.2355,0.01,0.03785
14972,0,1,0.23625,0.23625,0.01,0.03785
14916,0,1,0.237,0.237,0.01,0.03785
14856,0,1,0.23775,0.23775,0.01,0.03785
14796,0,1,0.2385,0.2385,0.01,0.03785
14735,0,1,0.23925,0.23925,0.01,0.03785
14675,0,1,0.24,0.24,0.01,0.03785
14614,0,1,0.24075,0.24075,0.01,0.03785
14554,0,1,0.2415,0.2415,0.01,0.03785
14494,0,1,0.24225,0.24225,0.01,0.03785
14433,0,1,0.243,0.243,0.01,0.03785
14369,0,1,0.24375,0.24375,0.01,0.03785
14301,0,1,0.2445,0.2445,0.01,0.03785
14234,0,1,0.24525,0.24525,0.01,0.03785
14167,0,1,0.246,0.246,0.01,0.03785
14099,0,1,0.24675,0.24675,0.01,0.03785
14032,0,1,0.2475,0.2475,0.01,0.03785
13965,0,1,0.24825,0.24825,0.01,0.03785
13897,0,1,0.249,0.249,0.01,0.03785
13830,0,1,0.24975,0.24975,0.01,0.03785
13735,0,1,0.2505,0.2505,0.01,0.03785
13626,0,1,0.25125,0.25125,0.01,0.03785
13516,0,1,0.252,0.252,0.01,0.03785
13407,0,1,0.25275,0.25275,0.01,0.03785
13299,0,1,0.2535,0.2535,0.01,0.03785
13194,0,1,0.25425,0.25425,0.01,0.03785
13089,0,1,0.255,0.255,0.01,0.03785
12984,0,1,0.25575,0.25575,0.01,0.03785
12879,0,1,0.2565,0.2565,0.01,0.03785
12765,0,1,0.25725,0.25725,0.01,0.03785
12648,0,1,0.258,0.258,0.01,0.03785
12530,0,1,0.25875,0.25875,0.01,0.03785
12413,0,1,0.2595,0.2595,0.01,0.03785
12294,9.6457e-11,1,0.26025,0.26025,0.01,0.03785
12170,3.8582e-10,1,0.261,0.261,0.01,0.03785
12046,6.7518e-10,1,0.26175,0.26175,0.01,0.03785
11922,9.6452e-10,1,0.2625,0.2625,0.01,0.03785
11798,1.2539e-09,1,0.26325,0.26325,0.01,0.03785
11678,1.5526e-09,1,0.264,0.264,0.01,0.03785
11558,1.8526e-09,1,0.26475,0.26475,0.01,0.03785
11438,2.1525e-09,1,0.2655,0.2655,0.01,0.03785
11318,2.4524e-09,1,0.26625,0.26625,0.01,0.03785
11207,2.6354e-09,1,0.267,0.267,0.01,0.03785
11106,2.6723e-09,1,0.26775,0.26775,0.01,0.03785
11005,2.7092e-09,1,0.2685,0.2685,0.01,0.03785
10904,2.7461e-09,1,0.26925,0.26925,0.01,0.03785
10803,2.783e-09,1,0.27,0.27,0.01,0.03785
10729,2.8564e-09,1,0.27075,0.27075,0.01,0.03785
10655,2.9299e-09,1,0.2715,0.2715,0.01,0.03785
10581,3.0033e-09,1,0.27225,0.27225,0.01,0.03785
10506,3.0767e-09,1,0.273,0.273,0.01,0.03785
10445,3.1682e-09,1,0.27375,0.27375,0.01,0.03785
10395,3.2742e-09,1,0.2745,0.2745,0.01,0.03785
10345,3.3801e-09,1,0.27525,0.27525,0.01,0.03785
10294,3.486e-09,1,0.276,0.276,0.01,0.03785
10245,3.5944e-09,1,0.27675,0.27675,0.01,0.03785
10210,3.722e-09,1,0.2775,0.2775,0.01,0.03785
10175,3.8497e-09,1,0.27825,0.27825,0.01,0.03785
10140,3.9773e-09,1,0.279,0.279,0.01,0.03785
10105,4.105e-09,1,0.27975,0.27975,0.01,0.03785
10074,4.2464e-09,1,0.2805,0.2805,0.01,0.03785
10046,4.3946e-09,1,0.28125,0.28125,0.01,0.03785
10018,4.5428e-09,1,0.282,0.282,0.01,0.03785
9990,4.6911e-09,1,0.28275,0.28275,0.01,0.03785
9962.4,4.8453e-09,1,0.2835,0.2835,0.01,0.03785
9936.4,5.0206e-09,1,0.28425,0.28425,0.01,0.03785
9910.5,5.196e-09,1,0.285,0.285,0.01,0.03785
9884.5,5.3713e-09,1,0.28575,0.28575,0.01,0.03785
9858.5,5.5466e-09,1,0.2865,0.2865,0.01,0.03785
9832.9,5.7378e-09,1,0.28725,0.28725,0.01,0.03785
9807.4,5.9335e-09,1,0.288,0.288,0.01,0.03785
9781.8,6.1292e-09,1,0.28875,0.28875,0.01,0.03785
9756.3,6.3249e-09,1,0.2895,0.2895,0.01,0.03785
9730.5,6.5162e-09,1,0.29025,0.29025,0.01,0.03785
9704.3,6.6986e-09,1,0.291,0.291,0.01,0.03785
9678.1,6.8809e-09,1,0.29175,0.29175,0.01,0.03785
9651.9,7.0633e-09,1,0.2925,0.2925,0.01,0.03785
9625.7,7.2457e-09,1,0.29325,0.29325,0.01,0.03785
9601.9,7.4564e-09,1,0.294,0.294,0.01,0.03785
9578.4,7.6706e-09,1,0.29475,0.29475,0.01,0.03785
9554.9,7.8848e-09,1,0.2955,0.2955,0.01,0.03785
9531.4,8.0991e-09,1,0.29625,0.29625,0.01,0.03785
9510.1,8.3515e-09,1,0.297,0.297,0.01,0.03785
9491.8,8.6517e-09,1,0.29775,0.29775,0.01,0.03785
9473.5,8.9519e-09,1,0.2985,0.2985,0.01,0.03785
9455.1,9.2521e-09,1,0.29925,0.29925,0.01,0.03785
9436.8,9.5523e-09,1,0.3,0.3,0.01,0.03785
9423.8,9.9074e-09,1,0.30075,0.30075,0.01,0.03785
9410.8,1.0262e-08,1,0.3015,0.3015,0.01,0.03785
9397.9,1.0618e-08,1,0.30225,0.30225,0.01,0.03785
9384.9,1.0973e-08,1,0.303,0.303,0.01,0.03785
9376,1.1351e-08,1,0.30375,0.30375,0.01,0.03785
9370.4,1.1747e-08,1,0.3045,0.3045,0.01,0.03785
9364.8,1.2143e-08,1,0.30525,0.30525,0.01,0.03785
9359.2,1.2539e-08,1,0.306,0.306,0.01,0.03785
9354.5,1.2937e-08,1,0.30675,0.30675,0.01,0.03785
9356.5,1.3345e-08,1,0.3075,0.3075,0.01,0.03785
9358.6,1.3753e-08,1,0.30825,0.30825,0.01,0.03785
9360.6,1.4161e-08,1,0.309,0.309,0.01,0.03785
9362.7,1.4569e-08,1,0.30975,0.30975,0.01,0.03785
9369.6,1.4959e-08,1,0.3105,0.3105,0.01,0.03785
9379,1.534e-08,1,0.31125,0.31125,0.01,0.03785
9388.4,1.5721e-08,1,0.312,0.312,0.01,0.03785
9397.7,1.6103e-08,1,0.31275,0.31275,0.01,0.03785
9408.5,1.6476e-08,1,0.3135,0.3135,0.01,0.03785
9424.2,1.6825e-08,1,0.31425,0.31425,0.01,0.03785
9439.9,1.7173e-08,1,0.315,0.315,0.01,0.03785
9455.6,1.7521e-08,1,0.31575,0.31575,0.01,0.03785
9471.3,1.7869e-08,1,0.3165,0.3165,0.01,0.03785
9492.6,1.8188e-08,1,0.31725,0.31725,0.01,0.03785
9515.5,1.8499e-08,1,0.318,0.318,0.01,0.03785
9538.3,1.8811e-08,1,0.31875,0.31875,0.01,0.03785
9561.2,1.9122e-08,1,0.3195,0.3195,0.01,0.03785
9585.7,1.942e-08,1,0.32025,0.32025,0.01,0.03785
9613.4,1.9692e-08,1,0.321,0.321,0.01,0.03785
9641.2,1.9963e-08,1,0.32175,0.32175,0.01,0.03785
9668.9,2.0235e-08,1,0.3225,0.3225,0.01,0.03785
9696.6,2.0507e-08,1,0.32325,0.32325,0.01,0.03785
9723.4,2.0743e-08,1,0.324,0.324,0.01,0.03785
9750,2.0974e-08,1,0.32475,0.32475,0.01,0.03785
9776.6,2.1206e-08,1,0.3255,0.3255,0.01,0.03785
9803.3,2.1437e-08,1,0.32625,0.32625,0.01,0.03785
9827.6,2.1652e-08,1,0.327,0.327,0.01,0.03785
9849.1,2.1845e-08,1,0.32775,0.32775,0.01,0.03785
9870.6,2.2038e-08,1,0.3285,0.3285,0.01,0.03785
9892.1,2.2231e-08,1,0.32925,0.32925,0.01,0.03785
9913.6,2.2424e-08,1,0.33,0.33,0.01,0.03785
9926.6,2.2583e-08,1,0.33075,0.33075,0.01,0.03785
9939.5,2.2742e-08,1,0.3315,0.3315,0.01,0.03785
9952.5,2.2902e-08,1,0.33225,0.33225,0.01,0.03785
9965.4,2.3061e-08,1,0.333,0.333,0.01,0.03785
9971.9,2.3204e-08,1,0.33375,0.33375,0.01,0.03785
9973.3,2.3335e-08,1,0.3345,0.3345,0.01,0.03785
9974.7,2.3466e-08,1,0.33525,0.33525,0.01,0.03785
9976,2.3597e-08,1,0.336,0.336,0.01,0.03785
9976.1,2.3726e-08,1,0.33675,0.33675,0.01,0.03785
9965.4,2.3835e-08,1,0.3375,0.3375,0.01,0.03785
9954.6,2.3945e-08,1,0.33825,0.33825,0.01,0.03785
9943.9,2.4054e-08,1,0.339,0.339,0.01,0.03785
9933.2,2.4163e-08,1,0.33975,0.33975,0.01,0.03785
9916,2.4261e-08,1,0.3405,0.3405,0.01,0.03785
9895.5,2.4354e-08,1,0.34125,0.34125,0.01,0.03785
9875,2.4447e-08,1,0.342,0.342,0.01,0.03785
9854.5,2.454e-08,1,0.34275,0.34275,0.01,0.03785
9832.8,2.463e-08,1,0.3435,0.3435,0.01,0.03785
9806.7,2.471e-08,1,0.34425,0.34425,0.01,0.03785
9780.6,2.4789e-08,1,0.345,0.345,0.01,0.03785
9754.5,2.4869e-08,1,0.34575,0.34575,0.01,0.03785
9728.3,2.4949e-08,1,0.3465,0.3465,0.01,0.03785
9701.1,2.502e-08,1,0.34725,0.34725,0.01,0.03785
9673.6,2.5088e-08,1,0.348,0.348,0.01,0.03785
9646.1,2.5157e-08,1,0.34875,0.34875,0.01,0.03785
9618.5,2.5225e-08,1,0.3495,0.3495,0.01,0.03785
9591.6,2.529e-08,1,0.35025,0.35025,0.01,0.03785
9565.7,2.5348e-08,1,0.351,0.351,0.01,0.03785
9539.9,2.5406e-08,1,0.35175,0.35175,0.01,0.03785
9514,2.5464e-08,1,0.3525,0.3525,0.01,0.03785
9488.2,2.5522e-08,1,0.35325,0.35325,0.01,0.03785
9464.8,2.5572e-08,1,0.354,0.354,0.01,0.03785
9441.7,2.5621e-08,1,0.35475,0.35475,0.01,0.03785
9418.6,2.567e-08,1,0.3555,0.3555,0.01,0.03785
9395.5,2.5719e-08,1,0.35625,0.35625,0.01,0.03785
9373.6,2.5765e-08,1,0.357,0.357,0.01,0.03785
9353.1,2.5807e-08,1,0.35775,0.35775,0.01,0.03785
9332.6,2.585e-08,1,0.3585,0.3585,0.01,0.03785
9312,2.5892e-08,1,0.35925,0.35925,0.01,0.03785
9291.5,2.5935e-08,1,0.36,0.36,0.01,0.03785
9272.8,2.5974e-08,1,0.36075,0.36075,0.01,0.03785
9254.2,2.6013e-08,1,0.3615,0.3615,0.01,0.03785
9235.5,2.6052e-08,1,0.36225,0.36225,0.01,0.03785
9216.8,2.6091e-08,1,0.363,0.363,0.01,0.03785
9198.7,2.613e-08,1,0.36375,0.36375,0.01,0.03785
9181,2.6168e-08,1,0.3645,0.3645,0.01,0.03785
9163.3,2.6206e-08,1,0.36525,0.36525,0.01,0.03785
9145.6,2.6244e-08,1,0.366,0.366,0.01,0.03785
9127.9,2.6283e-08,1,0.36675,0.36675,0.01,0.03785
9110.5,2.6322e-08,1,0.3675,0.3675,0.01,0.03785
9093.2,2.6361e-08,1,0.36825,0.36825,0.01,0.03785
9075.8,2.64e-08,1,0.369,0.369,0.01,0.03785
9058.4,2.644e-08,1,0.36975,0.36975,0.01,0.03785
9041,2.648e-08,1,0.3705,0.3705,0.01,0.03785
9023.4,2.6521e-08,1,0.37125,0.37125,0.01,0.03785
9005.9,2.6563e-08,1,0.372,0.372,0.01,0.03785
8988.3,2.6604e-08,1,0.37275,0.37275,0.01,0.03785
8970.7,2.6645e-08,1,0.3735,0.3735,0.01,0.03785
8952.8,2.6689e-08,1,0.37425,0.37425,0.01,0.03785
8934.9,2.6732e-08,1,0.375,0.375,0.01,0.03785
8917,2.6775e-08,1,0.37575,0.37575,0.01,0.03785
8899.1,2.6818e-08,1,0.3765,0.3765,0.01,0.03785
8881,2.6862e-08,1,0.37725,0.37725,0.01,0.03785
8862.7,2.6907e-08,1,0.378,0.378,0.01,0.03785
8844.5,2.6952e-08,1,0.37875,0.37875,0.01,0.03785
8826.3,2.6996e-08,1,0.3795,0.3795,0.01,0.03785
8807.9,2.7041e-08,1,0.38025,0.38025,0.01,0.03785
8789.4,2.7087e-08,1,0.381,0.381,0.01,0.03785
8770.9,2.7132e-08,1,0.38175,0.38175,0.01,0.03785
8752.3,2.7178e-08,1,0.3825,0.3825,0.01,0.03785
8733.8,2.7224e-08,1,0.38325,0.38325,0.01,0.03785
8715.2,2.727e-08,1,0.384,0.384,0.01,0.03785
8696.5,2.7316e-08,1,0.38475,0.38475,0.01,0.03785
8677.9,2.7362e-08,1,0.3855,0.3855,0.01,0.03785
8659.2,2.7408e-08,1,0.38625,0.38625,0.01,0.03785
8640.7,2.7454e-08,1,0.387,0.387,0.01,0.03785
8622.1,2.75e-08,1,0.38775,0.38775,0.01,0.03785
8603.6,2.7546e-08,1,0.3885,0.3885,0.01,0.03785
8585.1,2.7592e-08,1,0.38925,0.38925,0.01,0.03785
8566.6,2.7638e-08,1,0.39,0.39,0.01,0.03785
8548.4,2.7683e-08,1,0.39075,0.39075,0.01,0.03785
8530.1,2.7728e-08,1,0.3915,0.3915,0.01,0.03785
8511.9,2.7773e-08,1,0.39225,0.39225,0.01,0.03785
8493.7,2.7818e-08,1,0.393,0.393,0.01,0.03785
8475.7,2.7862e-08,1,0.39375,0.39375,0.01,0.03785
8457.9,2.7905e-08,1,0.3945,0.3945,0.01,0.03785
8440,2.7948e-08,1,0.39525,0.39525,0.01,0.03785
8422.2,2.7991e-08,1,0.396,0.396,0.01,0.03785
8404.4,2.8033e-08,1,0.39675,0.39675,0.01,0.03785
8387.1,2.8073e-08,1,0.3975,0.3975,0.01,0.03785
8369.7,2.8112e-08,1,0.39825,0.39825,0.01,0.03785
8352.3,2.8152e-08,1,0.399,0.399,0.01,0.03785
8334.9,2.8191e-08,1,0.39975,0.39975,0.01,0.03785
8317.9,2.8228e-08,1,0.4005,0.4005,0.01,0.03785
8301.1,2.8263e-08,1,0.40125,0.40125,0.01,0.03785
8284.2,2.8298e-08,1,0.402,0.402,0.01,0.03785
8267.4,2.8334e-08,1,0.40275,0.40275,0.01,0.03785
8250.6,2.8368e-08,1,0.4035,0.4035,0.01,0.03785
8234.3,2.8398e-08,1,0.40425,0.40425,0.01,0.03785
8218,2.8429e-08,1,0.405,0.405,0.01,0.03785
8201.7,2.8459e-08,1,0.40575,0.40575,0.01,0.03785
8185.4,2.849e-08,1,0.4065,0.4065,0.01,0.03785
8169.5,2.8517e-08,1,0.40725,0.40725,0.01,0.03785
8153.7,2.8543e-08,1,0.408,0.408,0.01,0.03785
8137.9,2.857e-08,1,0.40875,0.40875,0.01,0.03785
8122.2,2.8596e-08,1,0.4095,0.4095,0.01,0.03785
8106.6,2.8621e-08,1,0.41025,0.41025,0.01,0.03785
8091.3,2.8644e-08,1,0.411,0.411,0.01,0.03785
8076,2.8667e-08,1,0.41175,0.41175,0.01,0.03785
8060.7,2.869e-08,1,0.4125,0.4125,0.01,0.03785
8045.5,2.8712e-08,1,0.41325,0.41325,0.01,0.03785
8030.6,2.8733e-08,1,0.414,0.414,0.01,0.03785
8015.8,2.8754e-08,1,0.41475,0.41475,0.01,0.03785
8000.9,2.8775e-08,1,0.4155,0.4155,0.01,0.03785
7986.1,2.8795e-08,1,0.41625,0.41625,0.01,0.03785
7971.4,2.8816e-08,1,0.417,0.417,0.01,0.03785
7957,2.8835e-08,1,0.41775,0.41775,0.01,0.03785
7942.5,2.8855e-08,1,0.4185,0.4185,0.01,0.03785
7928.1,2.8875e-08,1,0.41925,0.41925,0.01,0.03785
7913.6,2.8894e-08,1,0.42,0.42,0.01,0.03785
7899.5,2.8914e-08,1,0.42075,0.42075,0.01,0.03785
7885.4,2.8934e-08,1,0.4215,0.4215,0.01,0.03785
7871.2,2.8953e-08,1,0.42225,0.42225,0.01,0.03785
7857.1,2.8973e-08,1,0.423,0.423,0.01,0.03785
7843.1,2.8993e-08,1,0.42375,0.42375,0.01,0.03785
7829.2,2.9013e-08,1,0.4245,0.4245,0.01,0.03785
7815.3,2.9034e-08,1,0.42525,0.42525,0.01,0.03785
7801.4,2.9054e-08,1,0.426,0.426,0.01,0.03785
7787.6,2.9074e-08,1,0.42675,0.42675,0.01,0.03785
7773.9,2.9096e-08,1,0.4275,0.4275,0.01,0.03785
7760.2,2.9117e-08,1,0.42825,0.42825,0.01,0.03785
7746.6,2.9138e-08,1,0.429,0.429,0.01,0.03785
7732.9,2.9159e-08,1,0.42975,0.42975,0.01,0.03785
7719.3,2.918e-08,1,0.4305,0.4305,0.01,0.03785
7705.8,2.9202e-08,1,0.43125,0.43125,0.01,0.03785
7692.4,2.9224e-08,1,0.432,0.432,0.01,0.03785
7678.9,2.9246e-08,1,0.43275,0.43275,0.01,0.03785
7665.4,2.9268e-08,1,0.4335,0.4335,0.01,0.03785
7652.1,2.929e-08,1,0.43425,0.43425,0.01,0.03785
7638.8,2.9312e-08,1,0.435,0.435,0.01,0.03785
7625.5,2.9334e-08,1,0.43575,0.43575,0.01,0.03785
7612.1,2.9357e-08,1,0.4365,0.4365,0.01,0.03785
7599,2.9379e-08,1,0.43725,0.43725,0.01,0.03785
7585.8,2.9401e-08,1,0.438,0.438,0.01,0.03785
7572.6,2.9424e-08,1,0.43875,0.43875,0.01,0.03785
7559.5,2.9446e-08,1,0.4395,0.4395,0.01,0.03785
7546.4,2.9468e-08,1,0.44025,0.44025,0.01,0.03785
7533.4,2.9491e-08,1,0.441,0.441,0.01,0.03785
7520.4,2.9513e-08,1,0.44175,0.44175,0.01,0.03785
7507.4,2.9535e-08,1,0.4425,0.4425,0.01,0.03785
7494.5,2.9557e-08,1,0.44325,0.44325,0.01,0.03785
7481.6,2.9579e-08,1,0.444,0.444,0.01,0.03785
7468.8,2.9601e-08,1,0.44475,0.44475,0.01,0.03785
7456,2.9623e-08,1,0.4455,0.4455,0.01,0.03785
7443.2,2.9645e-08,1,0.44625,0.44625,0.01,0.03785
7430.4,2.9667e-08,1,0.447,0.447,0.01,0.03785
7417.8,2.9689e-08,1,0.44775,0.44775,0.01,0.03785
7405.2,2.9711e-08,1,0.4485,0.4485,0.01,0.03785
7392.6,2.9733e-08,1,0.44925,0.44925,0.01,0.03785
7379.9,2.9755e-08,1,0.45,0.45,0.01,0.03785
7367.5,2.9776e-08,1,0.45075,0.45075,0.01,0.03785
7355.1,2.9798e-08,1,0.4515,0.4515,0.01,0.03785
7342.6,2.9819e-08,1,0.45225,0.45225,0.01,0.03785
7330.2,2.9841e-08,1,0.453,0.453,0.01,0.03785
7317.9,2.9862e-08,1,0.45375,0.45375,0.01,0.03785
7305.6,2.9883e-08,1,0.4545,0.4545,0.01,0.03785
7293.4,2.9905e-08,1,0.45525,0.45525,0.01,0.03785
7281.1,2.9926e-08,1,0.456,0.456,0.01,0.03785
7268.9,2.9947e-08,1,0.45675,0.45675,0.01,0.03785
7256.9,2.9968e-08,1,0.4575,0.4575,0.01,0.03785
7244.8,2.9989e-08,1,0.45825,0.45825,0.01,0.03785
7232.8,3.001e-08,1,0.459,0.459,0.01,0.03785
7220.7,3.0031e-08,1,0.45975,0.45975,0.01,0.03785
7208.8,3.0052e-08,1,0.4605,0.4605,0.01,0.03785
7197,3.0073e-08,1,0.46125,0.46125,0.01,0.03785
7185.1,3.0094e-08,1,0.462,0.462,0.01,0.03785
7173.3,3.0114e-08,1,0.46275,0.46275,0.01,0.03785
7161.5,3.0135e-08,1,0.4635,0.4635,0.01,0.03785
7149.9,3.0155e-08,1,0.46425,0.46425,0.01,0.03785
7138.2,3.0176e-08,1,0.465,0.465,0.01,0.03785
7126.6,3.0196e-08,1,0.46575,0.46575,0.01,0.03785
7114.9,3.0217e-08,1,0.4665,0.4665,0.01,0.03785
7103.4,3.0237e-08,1,0.46725,0.46725,0.01,0.03785
7092,3.0257e-08,1,0.468,0.468,0.01,0.03785
7080.5,3.0277e-08,1,0.46875,0.46875,0.01,0.03785
7069.1,3.0298e-08,1,0.4695,0.4695,0.01,0.03785
7057.7,3.0318e-08,1,0.47025,0.47025,0.01,0.03785
7046.5,3.0337e-08,1,0.471,0.471,0.01,0.03785
7035.2,3.0357e-08,1,0.47175,0.47175,0.01,0.03785
7024,3.0377e-08,1,0.4725,0.4725,0.01,0.03785
7012.7,3.0397e-08,1,0.47325,0.47325,0.01,0.03785
7001.7,3.0416e-08,1,0.474,0.474,0.01,0.03785
6990.6,3.0435e-08,1,0.47475,0.47475,0.01,0.03785
6979.6,3.0455e-08,1,0.4755,0.4755,0.01,0.03785
6968.5,3.0474e-08,1,0.47625,0.47625,0.01,0.03785
6957.6,3.0493e-08,1,0.477,0.477,0.01,0.03785
6946.7,3.0512e-08,1,0.47775,0.47775,0.01,0.03785
6935.9,3.0531e-08,1,0.4785,0.4785,0.01,0.03785
6925,3.0549e-08,1,0.47925,0.47925,0.01,0.03785
6914.2,3.0568e-08,1,0.48,0.48,0.01,0.03785
6903.5,3.0587e-08,1,0.48075,0.48075,0.01,0.03785
6892.8,3.0605e-08,1,0.4815,0.4815,0.01,0.03785
6882.2,3.0623e-08,1,0.48225,0.48225,0.01,0.03785
6871.5,3.0641e-08,1,0.483,0.483,0.01,0.03785
6860.9,3.0659e-08,1,0.48375,0.48375,0.01,0.03785
6850.4,3.0677e-08,1,0.4845,0.4845,0.01,0.03785
6839.9,3.0694e-08,1,0.48525,0.48525,0.01,0.03785
6829.4,3.0712e-08,1,0.486,0.486,0.01,0.03785
6818.9,3.073e-08,1,0.48675,0.48675,0.01,0.03785
6808.6,3.0747e-08,1,0.4875,0.4875,0.01,0.03785
6798.2,3.0763e-08,1,0.48825,0.48825,0.01,0.03785
6787.9,3.078e-08,1,0.489,0.489,0.01,0.03785
6777.5,3.0797e-08,1,0.48975,0.48975,0.01,0.03785
6767.3,3.0814e-08,1,0.4905,0.4905,0.01,0.03785
6757.1,3.083e-08,1,0.49125,0.49125,0.01,0.03785
6746.9,3.0847e-08,1,0.492,0.492,0.01,0.03785
6736.7,3.0863e-08,1,0.49275,0.49275,0.01,0.03785
6726.5,3.0879e-08,1,0.4935,0.4935,0.01,0.03785
6716.4,3.0895e-08,1,0.49425,0.49425,0.01,0.03785
6706.3,3.091e-08,1,0.495,0.495,0.01,0.03785
6696.3,3.0926e-08,1,0.49575,0.49575,0.01,0.03785
6686.2,3.0941e-08,1,0.4965,0.4965,0.01,0.03785
6676.2,3.0957e-08,1,0.49725,0.49725,0.01,0.03785
6666.2,3.0971e-08,1,0.498,0.498,0.01,0.03785
6656.2,3.0986e-08,1,0.49875,0.49875,0.01,0.03785
6646.2,3.1001e-08,1,0.4995,0.4995,0.01,0.03785
6636.2,3.1016e-08,1,0.50025,0.50025,0.01,0.03785
6626.4,3.103e-08,1,0.501,0.501,0.01,0.03785
6616.5,3.1045e-08,1,0.50175,0.50175,0.01,0.03785
6606.6,3.1059e-08,1,0.5025,0.5025,0.01,0.03785
6596.8,3.1073e-08,1,0.50325,0.50325,0.01,0.03785
6587,3.1087e-08,1,0.504,0.504,0.01,0.03785
6577.3,3.1101e-08,1,0.50475,0.50475,0.01,0.03785
6567.6,3.1114e-08,1,0.5055,0.5055,0.01,0.03785
6557.8,3.1128e-08,1,0.50625,0.50625,0.01,0.03785
6548.2,3.1142e-08,1,0.507,0.507,0.01,0.03785
6538.6,3.1155e-08,1,0.50775,0.50775,0.01,0.03785
6529,3.1168e-08,1,0.5085,0.5085,0.01,0.03785
6519.4,3.1181e-08,1,0.50925,0.50925,0.01,0.03785
6509.9,3.1194e-08,1,0.51,0.51,0.01,0.03785
6500.4,3.1207e-08,1,0.51075,0.51075,0.01,0.03785
6491,3.1219e-08,1,0.5115,0.5115,0.01,0.03785
6481.5,3.1232e-08,1,0.51225,0.51225,0.01,0.03785
6472.1,3.1245e-08,1,0.513,0.513,0.01,0.03785
6462.7,3.1257e-08,1,0.51375,0.51375,0.01,0.03785
6453.4,3.1269e-08,1,0.5145,0.5145,0.01,0.03785
6444.1,3.1281e-08,1,0.51525,0.51525,0.01,0.03785
6434.8,3.1293e-08,1,0.516,0.516,0.01,0.03785
6425.5,3.1306e-08,1,0.51675,0.51675,0.01,0.03785
6416.3,3.1317e-08,1,0.5175,0.5175,0.01,0.03785
6407.1,3.1329e-08,1,0.51825,0.51825,0.01,0.03785
6397.9,3.1341e-08,1,0.519,0.519,0.01,0.03785
6388.7,3.1353e-08,1,0.51975,0.51975,0.01,0.03785
6379.6,3.1364e-08,1,0.5205,0.5205,0.01,0.03785
6370.5,3.1376e-08,1,0.52125,0.52125,0.01,0.03785
6361.4,3.1388e-08,1,0.522,0.522,0.01,0.03785
6352.3,3.1399e-08,1,0.52275,0.52275,0.01,0.03785
6343.2,3.1411e-08,1,0.5235,0.5235,0.01,0.03785
6334.2,3.1422e-08,1,0.52425,0.52425,0.01,0.03785
6325.2,3.1433e-08,1,0.525,0.525,0.01,0.03785
6316.2,3.1445e-08,1,0.52575,0.52575,0.01,0.03785
6307.2,3.1456e-08,1,0.5265,0.5265,0.01,0.03785
6298.3,3.1467e-08,1,0.52725,0.52725,0.01,0.03785
6289.4,3.1478e-08,1,0.528,0.528,0.01,0.03785
6280.4,3.149e-08,1,0.52875,0.52875,0.01,0.03785
6271.5,3.1501e-08,1,0.5295,0.5295,0.01,0.03785
6262.6,3.1512e-08,1,0.53025,0.53025,0.01,0.03785
6253.8,3.1524e-08,1,0.531,0.531,0.01,0.03785
6245,3.1535e-08,1,0.53175,0.53175,0.01,0.03785
6236.2,3.1546e-08,1,0.5325,0.5325,0.01,0.03785
6227.3,3.1557e-08,1,0.53325,0.53325,0.01,0.03785
6218.6,3.1569e-08,1,0.534,0.534,0.01,0.03785
6209.9,3.158e-08,1,0.53475,0.53475,0.01,0.03785
6201.2,3.1591e-08,1,0.5355,0.5355,0.01,0.03785
6192.5,3.1602e-08,1,0.53625,0.53625,0.01,0.03785
6183.8,3.1614e-08,1,0.537,0.537,0.01,0.03785
6175.2,3.1625e-08,1,0.53775,0.53775,0.01,0.03785
6166.6,3.1636e-08,1,0.5385,0.5385,0.01,0.03785
6158,3.1648e-08,1,0.53925,0.53925,0.01,0.03785
6149.4,3.1659e-08,1,0.54,0.54,0.01,0.03785
6141,3.167e-08,1,0.54075,0.54075,0.01,0.03785
6132.6,3.1682e-08,1,0.5415,0.5415,0.01,0.03785
6124.1,3.1693e-08,1,0.54225,0.54225,0.01,0.03785
6115.7,3.1705e-08,1,0.543,0.543,0.01,0.03785
6107.3,3.1716e-08,1,0.54375,0.54375,0.01,0.03785
6099,3.1728e-08,1,0.5445,0.5445,0.01,0.03785
6090.8,3.1739e-08,1,0.54525,0.54525,0.01,0.03785
6082.5,3.1751e-08,1,0.546,0.546,0.01,0.03785
6074.2,3.1763e-08,1,0.54675,0.54675,0.01,0.03785
6066.1,3.1775e-08,1,0.5475,0.5475,0.01,0.03785
6058,3.1787e-08,1,0.54825,0.54825,0.01,0.03785
6049.9,3.1798e-08,1,0.549,0.549,0.01,0.03785
6041.8,3.181e-08,1,0.54975,0.54975,0.01,0.03785
6033.8,3.1823e-08,1,0.5505,0.5505,0.01,0.03785
6025.8,3.1835e-08,1,0.55125,0.55125,0.01,0.03785
6017.8,3.1847e-08,1,0.552,0.552,0.01,0.03785
6009.8,3.186e-08,1,0.55275,0.55275,0.01,0.03785
6001.8,3.1872e-08,1,0.5535,0.5535,0.01,0.03785
5993.9,3.1885e-08,1,0.55425,0.55425,0.01,0.03785
5985.9,3.1897e-08,1,0.555,0.555,0.01,0.03785
5978,3.191e-08,1,0.55575,0.55575,0.01,0.03785
5970.1,3.1923e-08,1,0.5565,0.5565,0.01,0.03785
5962.2,3.1936e-08,1,0.55725,0.55725,0.01,0.03785
5954.3,3.1949e-08,1,0.558,0.558,0.01,0.03785
5946.4,3.1962e-08,1,0.55875,0.55875,0.01,0.03785
5938.5,3.1975e-08,1,0.5595,0.5595,0.01,0.03785
5930.6,3.1988e-08,1,0.56025,0.56025,0.01,0.03785
5922.7,3.2001e-08,1,0.561,0.561,0.01,0.03785
5914.9,3.2015e-08,1,0.56175,0.56175,0.01,0.03785
5907.1,3.2028e-08,1,0.5625,0.5625,0.01,0.03785
5899.2,3.2041e-08,1,0.56325,0.56325,0.01,0.03785
5891.5,3.2055e-08,1,0.564,0.564,0.01,0.03785
5883.7,3.2068e-08,1,0.56475,0.56475,0.01,0.03785
5876,3.2082e-08,1,0.5655,0.5655,0.01,0.03785
5868.2,3.2096e-08,1,0.56625,0.56625,0.01,0.03785
5860.5,3.2109e-08,1,0.567,0.567,0.01,0.03785
5852.8,3.2123e-08,1,0.56775,0.56775,0.01,0.03785
5845.2,3.2137e-08,1,0.5685,0.5685,0.01,0.03785
5837.5,3.2151e-08,1,0.56925,0.56925,0.01,0.03785
5829.8,3.2165e-08,1,0.57,0.57,0.01,0.03785
5822.3,3.2179e-08,1,0.57075,0.57075,0.01,0.03785
5814.7,3.2193e-08,1,0.5715,0.5715,0.01,0.03785
5807.1,3.2207e-08,1,0.57225,0.57225,0.01,0.03785
5799.5,3.2221e-08,1,0.573,0.573,0.01,0.03785
5792,3.2235e-08,1,0.57375,0.57375,0.01,0.03785
5784.5,3.225e-08,1,0.5745,0.5745,0.01,0.03785
5777,3.2264e-08,1,0.57525,0.57525,0.01,0.03785
5769.5,3.2278e-08,1,0.576,0.576,0.01,0.03785
5762,3.2292e-08,1,0.57675,0.57675,0.01,0.03785
5754.6,3.2307e-08,1,0.5775,0.5775,0.01,0.03785
5747.2,3.2321e-08,1,0.57825,0.57825,0.01,0.03785
5739.8,3.2336e-08,1,0.579,0.579,0.01,0.03785
5732.4,3.235e-08,1,0.57975,0.57975,0.01,0.03785
5725.1,3.2364e-08,1,0.5805,0.5805,0.01,0.03785
5717.8,3.2379e-08,1,0.58125,0.58125,0.01,0.03785
5710.4,3.2393e-08,1,0.582,0.582,0.01,0.03785
5703.1,3.2407e-08,1,0.58275,0.58275,0.01,0.03785
5695.8,3.2422e-08,1,0.5835,0.5835,0.01,0.03785
5688.6,3.2436e-08,1,0.58425,0.58425,0.01,0.03785
5681.4,3.2451e-08,1,0.585,0.585,0.01,0.03785
5674.2,3.2465e-08,1,0.58575,0.58575,0.01,0.03785
5667,3.248e-08,1,0.5865,0.5865,0.01,0.03785
5659.9,3.2494e-08,1,0.58725,0.58725,0.01,0.03785
5652.8,3.2508e-08,1,0.588,0.588,0.01,0.03785
5645.7,3.2523e-08,1,0.58875,0.58875,0.01,0.03785
5638.6,3.2537e-08,1,0.5895,0.5895,0.01,0.03785
5631.5,3.2551e-08,1,0.59025,0.59025,0.01,0.03785
5624.5,3.2565e-08,1,0.591,0.591,0.01,0.03785
5617.5,3.258e-08,1,0.59175,0.59175,0.01,0.03785
5610.5,3.2594e-08,1,0.5925,0.5925,0.01,0.03785
5603.5,3.2608e-08,1,0.59325,0.59325,0.01,0.03785
5596.6,3.2622e-08,1,0.594,0.594,0.01,0.03785
5589.7,3.2636e-08,1,0.59475,0.59475,0.01,0.03785
5582.8,3.265e-08,1,0.5955,0.5955,0.01,0.03785
5575.8,3.2664e-08,1,0.59625,0.59625,0.01,0.03785
5569,3.2678e-08,1,0.597,0.597,0.01,0.03785
5562.1,3.2692e-08,1,0.59775,0.59775,0.01,0.03785
5555.3,3.2706e-08,1,0.5985,0.5985,0.01,0.03785
5548.5,3.272e-08,1,0.59925,0.59925,0.01,0.03785
5541.6,3.2733e-08,1,0.6,0.6,0.01,0.03785
5534.9,3.2747e-08,1,0.60075,0.60075,0.01,0.03785
5528.1,3.276e-08,1,0.6015,0.6015,0.01,0.03785
5521.4,3.2774e-08,1,0.60225,0.60225,0.01,0.03785
5514.6,3.2787e-08,1,0.603,0.603,0.01,0.03785
5507.9,3.2801e-08,1,0.60375,0.60375,0.01,0.03785
5501.2,3.2814e-08,1,0.6045,0.6045,0.01,0.03785
5494.6,3.2827e-08,1,0.60525,0.60525,0.01,0.03785
5487.9,3.284e-08,1,0.606,0.606,0.01,0.03785
5481.2,3.2853e-08,1,0.60675,0.60675,0.01,0.03785
5474.7,3.2866e-08,1,0.6075,0.6075,0.01,0.03785
5468.1,3.2879e-08,1,0.60825,0.60825,0.01,0.03785
5461.5,3.2891e-08,1,0.609,0.609,0.01,0.03785
5454.9,3.2904e-08,1,0.60975,0.60975,0.01,0.03785
5448.4,3.2916e-08,1,0.6105,0.6105,0.01,0.03785
5441.9,3.2928e-08,1,0.61125,0.61125,0.01,0.03785
5435.4,3.2941e-08,1,0.612,0.612,0.01,0.03785
5428.8,3.2953e-08,1,0.61275,0.61275,0.01,0.03785
5422.4,3.2965e-08,1,0.6135,0.6135,0.01,0.03785
5415.9,3.2977e-08,1,0.61425,0.61425,0.01,0.03785
5409.4,3.2988e-08,1,0.615,0.615,0.01,0.03785
5403,3.3e-08,1,0.61575,0.61575,0.01,0.03785
5396.5,3.3011e-08,1,0.6165,0.6165,0.01,0.03785
5390.1,3.3023e-08,1,0.61725,0.61725,0.01,0.03785
5383.6,3.3034e-08,1,0.618,0.618,0.01,0.03785
5377.2,3.3045e-08,1,0.61875,0.61875,0.01,0.03785
5370.8,3.3056e-08,1,0.6195,0.6195,0.01,0.03785
5364.3,3.3067e-08,1,0.62025,0.62025,0.01,0.03785
5357.9,3.3077e-08,1,0.621,0.621,0.01,0.03785
5351.5,3.3088e-08,1,0.62175,0.62175,0.01,0.03785
5345.1,3.3098e-08,1,0.6225,0.6225,0.01,0.03785
5338.7,3.3109e-08,1,0.62325,0.62325,0.01,0.03785
5332.4,3.3119e-08,1,0.624,0.624,0.01,0.03785
5326,3.3129e-08,1,0.62475,0.62475,0.01,0.03785
5319.7,3.3138e-08,1,0.6255,0.6255,0.01,0.03785
5313.3,3.3148e-08,1,0.62625,0.62625,0.01,0.03785
5307,3.3158e-08,1,0.627,0.627,0.01,0.03785
5300.7,3.3167e-08,1,0.62775,0.62775,0.01,0.03785
5294.4,3.3177e-08,1,0.6285,0.6285,0.01,0.03785
5288.1,3.3186e-08,1,0.62925,0.62925,0.01,0.03785
5281.8,3.3196e-08,1,0.63,0.63,0.01,0.03785
5275.6,3.3204e-08,1,0.63075,0.63075,0.01,0.03785
5269.4,3.3213e-08,1,0.6315,0.6315,0.01,0.03785
5263.2,3.3222e-08,1,0.63225,0.63225,0.01,0.03785
5256.9,3.3231e-08,1,0.633,0.633,0.01,0.03785
5250.8,3.324e-08,1,0.63375,0.63375,0.01,0.03785
5244.6,3.3248e-08,1,0.6345,0.6345,0.01,0.03785
5238.5,3.3256e-08,1,0.63525,0.63525,0.01,0.03785
5232.3,3.3265e-08,1,0.636,0.636,0.01,0.03785
5226.2,3.3273e-08,1,0.63675,0.63675,0.01,0.03785
5220.1,3.3281e-08,1,0.6375,0.6375,0.01,0.03785
5214,3.3289e-08,1,0.63825,0.63825,0.01,0.03785
5207.9,3.3297e-08,1,0.639,0.639,0.01,0.03785
5201.9,3.3305e-08,1,0.63975,0.63975,0.01,0.03785
5195.8,3.3313e-08,1,0.6405,0.6405,0.01,0.03785
5189.8,3.332e-08,1,0.64125,0.64125,0.01,0.03785
5183.8,3.3328e-08,1,0.642,0.642,0.01,0.03785
5177.8,3.3336e-08,1,0.64275,0.64275,0.01,0.03785
5171.8,3.3344e-08,1,0.6435,0.6435,0.01,0.03785
5165.9,3.3351e-08,1,0.64425,0.64425,0.01,0.03785
5159.9,3.3359e-08,1,0.645,0.645,0.01,0.03785
5154,3.3366e-08,1,0.64575,0.64575,0.01,0.03785
5148,3.3374e-08,1,0.6465,0.6465,0.01,0.03785
5142.1,3.3381e-08,1,0.64725,0.64725,0.01,0.03785
5136.2,3.3388e-08,1,0.648,0.648,0.01,0.03785
5130.4,3.3396e-08,1,0.64875,0.64875,0.01,0.03785
5124.5,3.3403e-08,1,0.6495,0.6495,0.01,0.03785
5118.6,3.341e-08,1,0.65025,0.65025,0.01,0.03785
5112.8,3.3417e-08,1,0.651,0.651,0.01,0.03785
5106.9,3.3424e-08,1,0.65175,0.65175,0.01,0.03785
5101.1,3.3432e-08,1,0.6525,0.6525,0.01,0.03785
5095.3,3.3439e-08,1,0.65325,0.65325,0.01,0.03785
5089.5,3.3446e-08,1,0.654,0.654,0.01,0.03785
5083.8,3.3453e-08,1,0.65475,0.65475,0.01,0.03785
5078,3.346e-08,1,0.6555,0.6555,0.01,0.03785
5072.3,3.3466e-08,1,0.65625,0.65625,0.01,0.03785
5066.6,3.3473e-08,1,0.657,0.657,0.01,0.03785
5060.9,3.348e-08,1,0.65775,0.65775,0.01,0.03785
5055.2,3.3487e-08,1,0.6585,0.6585,0.01,0.03785
5049.5,3.3494e-08,1,0.65925,0.65925,0.01,0.03785
5043.8,3.3501e-08,1,0.66,0.66,0.01,0.03785
5038.1,3.3507e-08,1,0.66075,0.66075,0.01,0.03785
5032.4,3.3514e-08,1,0.6615,0.6615,0.01,0.03785
5026.8,3.3521e-08,1,0.66225,0.66225,0.01,0.03785
5021.1,3.3528e-08,1,0.663,0.663,0.01,0.03785
5015.4,3.3535e-08,1,0.66375,0.66375,0.01,0.03785
5009.8,3.3541e-08,1,0.6645,0.6645,0.01,0.03785
5004.2,3.3548e-08,1,0.66525,0.66525,0.01,0.03785
4998.6,3.3555e-08,1,0.666,0.666,0.01,0.03785
4993,3.3562e-08,1,0.66675,0.66675,0.01,0.03785
4987.4,3.3569e-08,1,0.6675,0.6675,0.01,0.03785
4981.9,3.3576e-08,1,0.66825,0.66825,0.01,0.03785
4976.3,3.3583e-08,1,0.669,0.669,0.01,0.03785
4970.8,3.359e-08,1,0.66975,0.66975,0.01,0.03785
4965.2,3.3597e-08,1,0.6705,0.6705,0.01,0.03785
4959.8,3.3605e-08,1,0.67125,0.67125,0.01,0.03785
4954.3,3.3612e-08,1,0.672,0.672,0.01,0.03785
4948.8,3.3619e-08,1,0.67275,0.67275,0.01,0.03785
4943.3,3.3626e-08,1,0.6735,0.6735,0.01,0.03785
4937.8,3.3634e-08,1,0.67425,0.67425,0.01,0.03785
4932.4,3.3641e-08,1,0.675,0.675,0.01,0.03785
4926.9,3.3649e-08,1,0.67575,0.67575,0.01,0.03785
4921.5,3.3656e-08,1,0.6765,0.6765,0.01,0.03785
4916.1,3.3664e-08,1,0.67725,0.67725,0.01,0.03785
4910.7,3.3672e-08,1,0.678,0.678,0.01,0.03785
4905.3,3.3679e-08,1,0.67875,0.67875,0.01,0.03785
4899.9,3.3687e-08,1,0.6795,0.6795,0.01,0.03785
4894.5,3.3695e-08,1,0.68025,0.68025,0.01,0.03785
4889.1,3.3703e-08,1,0.681,0.681,0.01,0.03785
4883.8,3.3711e-08,1,0.68175,0.68175,0.01,0.03785
4878.4,3.3719e-08,1,0.6825,0.6825,0.01,0.03785
4873,3.3727e-08,1,0.68325,0.68325,0.01,0.03785
4867.7,3.3735e-08,1,0.684,0.684,0.01,0.03785
4862.4,3.3743e-08,1,0.68475,0.68475,0.01,0.03785
4857.1,3.3751e-08,1,0.6855,0.6855,0.01,0.03785
4851.8,3.376e-08,1,0.68625,0.68625,0.01,0.03785
4846.5,3.3768e-08,1,0.687,0.687,0.01,0.03785
4841.3,3.3777e-08,1,0.68775,0.68775,0.01,0.03785
4836,3.3785e-08,1,0.6885,0.6885,0.01,0.03785
4830.8,3.3794e-08,1,0.68925,0.68925,0.01,0.03785
4825.6,3.3803e-08,1,0.69,0.69,0.01,0.03785
4820.4,3.3812e-08,1,0.69075,0.69075,0.01,0.03785
4815.2,3.3821e-08,1,0.6915,0.6915,0.01,0.03785
4810,3.383e-08,1,0.69225,0.69225,0.01,0.03785
4804.8,3.3839e-08,1,0.693,0.693,0.01,0.03785
4799.6,3.3848e-08,1,0.69375,0.69375,0.01,0.03785
4794.4,3.3858e-08,1,0.6945,0.6945,0.01,0.03785
4789.3,3.3867e-08,1,0.69525,0.69525,0.01,0.03785
4784.2,3.3877e-08,1,0.696,0.696,0.01,0.03785
4779,3.3887e-08,1,0.69675,0.69675,0.01,0.03785
4773.9,3.3897e-08,1,0.6975,0.6975,0.01,0.03785
4768.9,3.3907e-08,1,0.69825,0.69825,0.01,0.03785
4763.8,3.3917e-08,1,0.699,0.699,0.01,0.03785
4758.7,3.3927e-08,1,0.69975,0.69975,0.01,0.03785
4753.6,3.3937e-08,1,0.7005,0.7005,0.01,0.03785
4748.6,3.3948e-08,1,0.70125,0.70125,0.01,0.03785
4743.6,3.3958e-08,1,0.702,0.702,0.01,0.03785
4738.5,3.3969e-08,1,0.70275,0.70275,0.01,0.03785
4733.5,3.3979e-08,1,0.7035,0.7035,0.01,0.03785
4728.5,3.399e-08,1,0.70425,0.70425,0.01,0.03785
4723.6,3.4001e-08,1,0.705,0.705,0.01,0.03785
4718.6,3.4012e-08,1,0.70575,0.70575,0.01,0.03785
4713.6,3.4022e-08,1,0.7065,0.7065,0.01,0.03785
4708.7,3.4033e-08,1,0.70725,0.70725,0.01,0.03785
4703.7,3.4045e-08,1,0.708,0.708,0.01,0.03785
4698.8,3.4056e-08,1,0.70875,0.70875,0.01,0.03785
4693.9,3.4067e-08,1,0.7095,0.7095,0.01,0.03785
4689,3.4078e-08,1,0.71025,0.71025,0.01,0.03785
4684.1,3.4089e-08,1,0.711,0.711,0.01,0.03785
4679.2,3.41e-08,1,0.71175,0.71175,0.01,0.03785
4674.3,3.4112e-08,1,0.7125,0.7125,0.01,0.03785
4669.5,3.4123e-08,1,0.71325,0.71325,0.01,0.03785
4664.6,3.4134e-08,1,0.714,0.714,0.01,0.03785
4659.8,3.4146e-08,1,0.71475,0.71475,0.01,0.03785
4655,3.4157e-08,1,0.7155,0.7155,0.01,0.03785
4650.1,3.4169e-08,1,0.71625,0.71625,0.01,0.03785
4645.3,3.418e-08,1,0.717,0.717,0.01,0.03785
4640.5,3.4192e-08,1,0.71775,0.71775,0.01,0.03785
4635.8,3.4204e-08,1,0.7185,0.7185,0.01,0.03785
4631,3.4215e-08,1,0.71925,0.71925,0.01,0.03785
4626.2,3.4227e-08,1,0.72,0.72,0.01,0.03785
4621.5,3.4239e-08,1,0.72075,0.72075,0.01,0.03785
4616.7,3.4251e-08,1,0.7215,0.7215,0.01,0.03785
4612,3.4262e-08,1,0.72225,0.72225,0.01,0.03785
4607.3,3.4274e-08,1,0.723,0.723,0.01,0.03785
4602.6,3.4286e-08,1,0.72375,0.72375,0.01,0.03785
4597.9,3.4298e-08,1,0.7245,0.7245,0.01,0.03785
4593.2,3.431e-08,1,0.72525,0.72525,0.01,0.03785
4588.5,3.4321e-08,1,0.726,0.726,0.01,0.03785
4583.9,3.4333e-08,1,0.72675,0.72675,0.01,0.03785
4579.2,3.4345e-08,1,0.7275,0.7275,0.01,0.03785
4574.6,3.4357e-08,1,0.72825,0.72825,0.01,0.03785
4570,3.4369e-08,1,0.729,0.729,0.01,0.03785
4565.3,3.4381e-08,1,0.72975,0.72975,0.01,0.03785
4560.8,3.4393e-08,1,0.7305,0.7305,0.01,0.03785
4556.2,3.4404e-08,1,0.73125,0.73125,0.01,0.03785
4551.6,3.4416e-08,1,0.732,0.732,0.01,0.03785
4547,3.4428e-08,1,0.73275,0.73275,0.01,0.03785
4542.5,3.4439e-08,1,0.7335,0.7335,0.01,0.03785
4538,3.4451e-08,1,0.73425,0.73425,0.01,0.03785
4533.5,3.4462e-08,1,0.735,0.735,0.01,0.03785
4529,3.4474e-08,1,0.73575,0.73575,0.01,0.03785
4524.5,3.4485e-08,1,0.7365,0.7365,0.01,0.03785
4520,3.4497e-08,1,0.73725,0.73725,0.01,0.03785
4515.5,3.4508e-08,1,0.738,0.738,0.01,0.03785
4511.1,3.4519e-08,1,0.73875,0.73875,0.01,0.03785
4506.6,3.453e-08,1,0.7395,0.7395,0.01,0.03785
4502.2,3.4541e-08,1,0.74025,0.74025,0.01,0.03785
4497.9,3.4551e-08,1,0.741,0.741,0.01,0.03785
4493.7,3.4562e-08,1,0.74175,0.74175,0.01,0.03785
4489.4,3.4572e-08,1,0.7425,0.7425,0.01,0.03785
4485.1,3.4582e-08,1,0.74325,0.74325,0.01,0.03785
4479.9,3.4594e-08,1,0.744,0.744,0.01,0.03785
4474.6,3.4605e-08,1,0.74475,0.74475,0.01,0.03785
4469.3,3.4617e-08,1,0.7455,0.7455,0.01,0.03785
4464,3.4629e-08,1,0.74625,0.74625,0.01,0.03785
4459.5,3.2885e-08,1,0.747,0.747,0.01,0.03785
4456.2,2.8947e-08,1,0.74775,0.74775,0.01,0.03785
4452.9,2.5009e-08,1,0.7485,0.7485,0.01,0.03785
4449.6,2.107e-08,1,0.74925,0.74925,0.01,0.03785
4446.3,0,1,0.75,0.75,0.01,0.03785
